id,first_name,last_name,email,ip_address
1,Chevalier,O'Crotty,cocrotty0@technorati.com,41.7.136.129
2,Linus,Henzley,lhenzley1@tuttocitta.it,120.243.155.204
3,Shepperd,Tatam,statam2@apple.com,194.99.208.109
4,Claresta,Esposita,cesposita3@ftc.gov,2.52.159.58
5,Baron,Bisterfeld,bbisterfeld4@bing.com,61.209.67.15
6,Lem,Morhall,lmorhall5@woothemes.com,228.82.101.137
7,Ursulina,Cutridge,ucutridge6@nydailynews.com,67.157.58.177
8,Dreddy,Woodman,dwoodman7@theatlantic.com,59.103.100.109
9,Imogene,Venner,ivenner8@merriam-webster.com,196.47.221.249
10,Nevil,Clayworth,nclayworth9@spiegel.de,96.7.70.147
11,Saunder,Dunican,sdunicana@guardian.co.uk,144.178.115.60
12,Melba,Latore,mlatoreb@networkadvertising.org,210.141.248.116
13,Jehanna,Jacobowicz,jjacobowiczc@vk.com,221.24.9.64
14,Tedie,Neaves,tneavesd@mac.com,139.9.158.156
15,Christian,Pittendreigh,cpittendreighe@forbes.com,190.6.87.184
16,Land,Bestwick,lbestwickf@youtu.be,209.40.65.71
17,Merna,Steabler,msteablerg@cargocollective.com,231.6.157.146
18,Merci,Wyd,mwydh@blogtalkradio.com,35.93.8.151
19,Shel,Rupert,sruperti@youtu.be,81.141.143.58
20,Stu,Skayman,sskaymanj@google.co.jp,221.252.244.171
21,Dougie,Macallam,dmacallamk@senate.gov,64.135.113.24
22,Cathe,St. Louis,cstlouisl@cocolog-nifty.com,158.146.95.183
23,Lottie,Haker,lhakerm@blogger.com,227.29.154.118
24,Katti,Malmar,kmalmarn@vk.com,207.204.68.31
25,Lacie,Reddlesden,lreddlesdeno@epa.gov,89.94.243.30
26,Ollie,McConway,omcconwayp@hugedomains.com,129.71.231.116
27,Thoma,Luetchford,tluetchfordq@godaddy.com,117.234.198.45
28,Keelia,Massingham,kmassinghamr@admin.ch,206.118.75.213
29,Sherwin,Blemen,sblemens@irs.gov,84.163.109.192
30,Essy,Pfeifer,epfeifert@dailymail.co.uk,226.8.213.241
31,Gayle,Westcarr,gwestcarru@zdnet.com,239.61.217.42
32,Anna-diana,Orrell,aorrellv@epa.gov,128.127.192.250
33,Marisa,Killingsworth,mkillingsworthw@vistaprint.com,104.86.247.157
34,Gilbertina,Howatt,ghowattx@indiatimes.com,220.246.185.61
35,Kimberley,Methuen,kmethueny@alibaba.com,55.16.24.200
36,Freedman,Aston,fastonz@google.co.uk,74.180.121.218
37,Reynard,Pryke,rpryke10@washingtonpost.com,7.20.2.16
38,Catherina,Blazey,cblazey11@mediafire.com,254.219.196.191
39,Nerty,Magrannell,nmagrannell12@scribd.com,194.74.150.169
40,Arman,Redford,aredford13@addtoany.com,8.163.231.162
41,Cam,Whaley,cwhaley14@biglobe.ne.jp,16.246.108.174
42,Melisenda,Burgane,mburgane15@ameblo.jp,9.84.137.193
43,Tiffanie,Mears,tmears16@who.int,141.172.161.40
44,Daria,Arthur,darthur17@ftc.gov,162.5.198.46
45,Andy,Sabates,asabates18@weebly.com,168.149.38.40
46,Marie,Bratty,mbratty19@cnet.com,30.78.194.181
47,Moria,Sokill,msokill1a@uiuc.edu,87.212.134.200
48,Jesse,Hedman,jhedman1b@guardian.co.uk,158.65.99.62
49,Alanah,Frowde,afrowde1c@miitbeian.gov.cn,190.246.117.224
50,Stern,Cressy,scressy1d@163.com,246.54.166.62
51,Katusha,Readett,kreadett1e@yale.edu,184.50.118.129
52,Mac,Bellringer,mbellringer1f@dagondesign.com,45.203.159.207
53,Germaine,Sherville,gsherville1g@tinypic.com,114.255.36.253
54,Creight,Gerrels,cgerrels1h@nih.gov,38.236.229.247
55,Iain,Jerram,ijerram1i@godaddy.com,4.157.89.111
56,Willy,Newlan,wnewlan1j@webmd.com,236.229.49.66
57,Raynor,Moston,rmoston1k@cdbaby.com,127.9.2.156
58,Rasia,Gownge,rgownge1l@about.com,71.109.28.34
59,Amberly,Duddin,aduddin1m@cisco.com,57.3.19.174
60,Zedekiah,Vedeniktov,zvedeniktov1n@cbslocal.com,130.39.18.84
61,Heloise,Records,hrecords1o@wordpress.org,126.58.8.242
62,Skell,Britto,sbritto1p@businessweek.com,102.25.132.139
63,Eleonora,Verry,everry1q@umich.edu,242.151.231.226
64,Tiffani,Jinkin,tjinkin1r@reddit.com,37.212.70.106
65,Corinna,Philpotts,cphilpotts1s@house.gov,15.33.10.123
66,Hardy,Barthorpe,hbarthorpe1t@japanpost.jp,220.29.225.136
67,Abbie,Odhams,aodhams1u@miitbeian.gov.cn,185.34.78.232
68,Rich,Lung,rlung1v@army.mil,236.13.218.213
69,Lil,Schimoni,lschimoni1w@quantcast.com,77.3.168.74
70,Kaila,Furmonger,kfurmonger1x@networkadvertising.org,119.107.55.171
71,Link,Fladgate,lfladgate1y@virginia.edu,19.195.6.243
72,Kerwin,Karolowski,kkarolowski1z@yahoo.com,167.181.34.40
73,Richmound,Whittlesee,rwhittlesee20@engadget.com,206.179.134.37
74,Aindrea,Boxe,aboxe21@gnu.org,135.124.24.28
75,Joby,Stavers,jstavers22@de.vu,107.94.190.242
76,Licha,Westphalen,lwestphalen23@amazon.co.jp,30.155.209.34
77,Edmon,Colomb,ecolomb24@amazon.de,245.185.129.75
78,Kerrill,Jurn,kjurn25@google.co.jp,181.34.170.151
79,Rafaelia,Benduhn,rbenduhn26@stumbleupon.com,237.227.69.144
80,Dahlia,Gavrieli,dgavrieli27@rambler.ru,209.239.246.31
81,Thomasin,Vasyukov,tvasyukov28@ifeng.com,234.201.248.254
82,Avis,Rounce,arounce29@bbb.org,201.144.42.253
83,Rafaelia,Rochelle,rrochelle2a@flickr.com,41.219.222.154
84,Casi,Wellstood,cwellstood2b@exblog.jp,128.15.124.94
85,Shawn,Comini,scomini2c@imdb.com,53.12.218.23
86,Marylin,Empson,mempson2d@upenn.edu,8.110.21.184
87,Gibbie,Dick,gdick2e@shareasale.com,160.206.153.234
88,Andrey,Millott,amillott2f@comsenz.com,26.119.253.181
89,Shandy,Ozanne,sozanne2g@twitter.com,14.81.14.111
90,Erinn,Iacovini,eiacovini2h@addthis.com,37.238.171.220
91,Hartley,Cloonan,hcloonan2i@epa.gov,217.161.182.76
92,Ashlee,Hodge,ahodge2j@t-online.de,107.78.70.117
93,Vanessa,Ede,vede2k@elegantthemes.com,143.90.152.157
94,Whitman,Hubbert,whubbert2l@123-reg.co.uk,232.157.184.237
95,Deva,Elloy,delloy2m@canalblog.com,169.170.101.181
96,Thedric,Bonn,tbonn2n@wired.com,150.233.47.152
97,Thekla,Siebart,tsiebart2o@squidoo.com,165.95.38.34
98,Brady,Holby,bholby2p@economist.com,81.109.133.181
99,Artemus,Nezey,anezey2q@earthlink.net,214.203.19.135
100,Xena,Parnaby,xparnaby2r@woothemes.com,57.95.11.51
